old,new,member_months,last,old_name,new_name,method,source,first_seen_new,name,cik,current
ABC,COR,140.0,2023-08,AmerisourceBergen,Cencora,sec_cik_confirmed,research/ml_stratification_test/ticker_changes_confirmed_2026-10-07.csv,,,,COR
ANTM,ELV,90.0,2022-05,Anthem,Elevance Health,sec_cik_confirmed,research/ml_stratification_test/ticker_changes_confirmed_2026-10-07.csv,,,,ELV
ARNC,HWM,41.0,2020-03,Arconic Inc.,Howmet Aerospace,sec_cik_confirmed,research/ml_stratification_test/ticker_changes_confirmed_2026-10-07.csv,,,,HWM
BHGE,BKR,27.0,2019-09,"Baker Hughes, a GE Company",Baker Hughes Co,sec_cik_confirmed,research/ml_stratification_test/ticker_changes_confirmed_2026-10-07.csv,,,,BKR
BK,BNY,172.0,2026-04,BNY Mellon,BNY Mellon,sec_cik_confirmed,research/ml_stratification_test/ticker_changes_confirmed_2026-10-07.csv,,,,BNY
BLL,BALL,124.0,2022-04,Ball,Ball,sec_cik_confirmed,research/ml_stratification_test/ticker_changes_confirmed_2026-10-07.csv,,,,BALL
CBG,CBRE,74.0,2018-02,CBRE Group,CBRE Group,sec_cik_confirmed,research/ml_stratification_test/ticker_changes_confirmed_2026-10-07.csv,,,,CBRE
COH,TPR,69.0,2017-09,Coach Inc.,"Tapestry, Inc.",sec_cik_confirmed,research/ml_stratification_test/ticker_changes_confirmed_2026-10-07.csv,,,,TPR
CTL,LUMN,104.0,2020-08,CenturyLink Inc,Lumen Technologies,sec_cik_confirmed,research/ml_stratification_test/ticker_changes_confirmed_2026-10-07.csv,,,,LUMN
DISCA,WBD,123.0,2022-03,Discovery (Series A),Warner Bros. Discovery,sec_cik_confirmed,research/ml_stratification_test/ticker_changes_confirmed_2026-10-07.csv,,,,WBD
DISCK,WBD,92.0,2022-03,Discovery (Series C),Warner Bros. Discovery,sec_cik_confirmed,research/ml_stratification_test/ticker_changes_confirmed_2026-10-07.csv,,,,WBD
DLPH,APTV,60.0,2017-11,Delphi Automotive PLC,Aptiv Plc,sec_cik_confirmed,research/ml_stratification_test/ticker_changes_confirmed_2026-10-07.csv,,,,APTV
EQR,VMRK,175.0,2026-07,Equity Residential,Vivmark Residential,sec_cik_confirmed,research/ml_stratification_test/ticker_changes_confirmed_2026-10-07.csv,,,,VMRK
FB,META,102.0,2022-05,Meta,Meta Platforms,sec_cik_confirmed,research/ml_stratification_test/ticker_changes_confirmed_2026-10-07.csv,,,,META
FLT,CPAY,69.0,2024-02,Fleetcor,Corpay,sec_cik_confirmed,research/ml_stratification_test/ticker_changes_confirmed_2026-10-07.csv,,,,CPAY
HCN,WELL,73.0,2018-01,Welltower Inc.,Welltower Inc.,sec_cik_confirmed,research/ml_stratification_test/ticker_changes_confirmed_2026-10-07.csv,,,,WELL
HRS,LHX,90.0,2019-06,Harris Corporation,L3Harris Technologies,sec_cik_confirmed,research/ml_stratification_test/ticker_changes_confirmed_2026-10-07.csv,,,,LHX
JEC,J,95.0,2019-11,Jacobs Engineering Group,Jacobs Engineering Group,sec_cik_confirmed,research/ml_stratification_test/ticker_changes_confirmed_2026-10-07.csv,,,,J
KORS,CPRI,62.0,2018-12,Michael Kors Holdings,Capri Holdings,sec_cik_confirmed,research/ml_stratification_test/ticker_changes_confirmed_2026-10-07.csv,,,,CPRI
LB,BBWI,92.0,2021-07,L Brands,"Bath & Body Works, Inc.",sec_cik_confirmed,research/ml_stratification_test/ticker_changes_confirmed_2026-10-07.csv,,,,BBWI
LUK,JEF,76.0,2018-04,Leucadia National Corp.,Jefferies Financial Group,sec_cik_confirmed,research/ml_stratification_test/ticker_changes_confirmed_2026-10-07.csv,,,,JEF
MHFI,SPGI,36.0,2016-04,McGraw Hill Financial,"S&P Global, Inc.",sec_cik_confirmed,research/ml_stratification_test/ticker_changes_confirmed_2026-10-07.csv,,,,SPGI
MMC,MRSH,168.0,2025-12,Marsh McLennan,Marsh McLennan,sec_cik_confirmed,research/ml_stratification_test/ticker_changes_confirmed_2026-10-07.csv,,,,MRSH
NLOK,GEN,36.0,2022-10,NortonLifeLock,Gen Digital Inc.,sec_cik_confirmed,research/ml_stratification_test/ticker_changes_confirmed_2026-10-07.csv,,,,GEN
NU,ES,37.0,2015-01,Northeast Utilities,Eversource Energy,sec_cik_confirmed,research/ml_stratification_test/ticker_changes_confirmed_2026-10-07.csv,,,,ES
PCLN,BKNG,73.0,2018-01,Priceline.com Inc,Booking Holdings Inc,sec_cik_confirmed,research/ml_stratification_test/ticker_changes_confirmed_2026-10-07.csv,,,,BKNG
PEAK,DOC,52.0,2024-02,Healthpeak,Healthpeak,sec_cik_confirmed,research/ml_stratification_test/ticker_changes_confirmed_2026-10-07.csv,,,,DOC
PKI,RVTY,136.0,2023-04,PerkinElmer,Revvity,sec_cik_confirmed,research/ml_stratification_test/ticker_changes_confirmed_2026-10-07.csv,,,,RVTY
RE,EG,73.0,2023-06,Everest Re,Everest Re,sec_cik_confirmed,research/ml_stratification_test/ticker_changes_confirmed_2026-10-07.csv,,,,EG
SATS,ECHO,3.0,2026-05,EchoStar,EchoStar,sec_cik_confirmed,research/ml_stratification_test/ticker_changes_confirmed_2026-10-07.csv,,,,ECHO
TMK,GL,91.0,2019-07,Torchmark Corp.,Globe Life Inc.,sec_cik_confirmed,research/ml_stratification_test/ticker_changes_confirmed_2026-10-07.csv,,,,GL
UA-C,UAA,4.0,2016-11,Under Armour,Under Armour,sec_cik_confirmed,research/ml_stratification_test/ticker_changes_confirmed_2026-10-07.csv,,,,UAA
UTX,RTX,99.0,2020-03,United Technologies,Raytheon Technologies,sec_cik_confirmed,research/ml_stratification_test/ticker_changes_confirmed_2026-10-07.csv,,,,RTX
VIAC,PARA,26.0,2022-01,ViacomCBS,Paramount,sec_cik_confirmed,research/ml_stratification_test/ticker_changes_confirmed_2026-10-07.csv,,,,PARA
WLTW,WTW,72.0,2021-12,Willis Towers Watson,Willis Towers Watson,sec_cik_confirmed,research/ml_stratification_test/ticker_changes_confirmed_2026-10-07.csv,,,,WTW
ZMH,ZBH,41.0,2015-05,Zimmer Holdings,Zimmer Biomet Holdings,sec_cik_confirmed,research/ml_stratification_test/ticker_changes_confirmed_2026-10-07.csv,,,,ZBH
BF-B,BFB,,,,,wikipedia_name_continuity,revisions 474234932 -> 477264414,2012-02-29,Brown-Forman Corporation,,BF-B
BFB,BF-B,,,,,wikipedia_name_continuity,revisions 505142228 -> 509936213,2012-08-31,Brown-Forman Corporation,,BF-B
MHP,MHFI,,,,,wikipedia_name_continuity,revisions 552034319 -> 556657177,2013-05-31,McGraw-Hill,,SPGI
SAI,SAIC,,,,,wikipedia_name_continuity,revisions 575022813 -> 578934961,2013-10-31,SAIC,,LDOS
LTD,LB,,,,,wikipedia_name_continuity,revisions 582857985 -> 588150360,2013-12-31,L Brands Inc.,,BBWI
NAVIV,NAVI,,,,,wikipedia_name_continuity,revisions 606541231 -> 609712965,2014-05-31,Navient Corp,,NAVI
WLP,ANTM,,,,,wikipedia_cik_continuity,revisions 635593708 -> 640147366,2014-12-31,,1156039.0,ELV
WAG,WBA,,,,,wikipedia_cik_continuity,revisions 640147366 -> 644366768,2015-01-31,,104207.0,WBA
ACT,AGN,,,,,wikipedia_cik_continuity,revisions 664180368 -> 669156533,2015-06-30,,884629.0,AGN
GCI,TGNA,,,,,wikipedia_cik_continuity,revisions 664180368 -> 669156533,2015-06-30,,39899.0,TGNA
KRFT,KHC,,,,,wikipedia_cik_continuity,revisions 669156533 -> 673815087,2015-07-31,,1545158.0,KHC
MWV,WRK,,,,,wikipedia_cik_continuity,revisions 669156533 -> 673815087,2015-07-31,,1159297.0,WRK
ACE,CB,,,,,wikipedia_cik_continuity,revisions 697200065 -> 702590066,2016-01-31,,896159.0,CB
AA,ARNC,,,,,wikipedia_cik_continuity,revisions 745940834 -> 752336101,2016-11-30,,4281.0,HWM
TSO,ANDV,,,,,wikipedia_cik_continuity,revisions 792700872 -> 797887606,2017-08-31,,50104.0,ANDV
Q,IQV,,,,,wikipedia_cik_continuity,revisions 808078947 -> 812940398,2017-11-30,,1478242.0,IQV
DWDP,DD,,,,,wikipedia_cik_continuity,revisions 899412784 -> 903160297,2019-06-30,,1666700.0,DD
HCP,PEAK,,,,,wikipedia_cik_continuity,revisions 923461473 -> 928477191,2019-11-30,,765880.0,DOC
SYMC,NLOK,,,,,wikipedia_cik_continuity,revisions 923461473 -> 928477191,2019-11-30,,849399.0,GEN
BBT,TFC,,,,,wikipedia_cik_continuity,revisions 928477191 -> 933395471,2019-12-31,,92230.0,TFC
VIAB,VIAC,,,,,wikipedia_cik_continuity,revisions 928477191 -> 933395471,2019-12-31,,1339947.0,PARA
COG,CTRA,,,,,wikipedia_cik_continuity,revisions 1046858083 -> 1052601537,2021-10-31,,858470.0,CTRA
FISV,FI,,,,,wikipedia_cik_continuity,revisions 1156097513 -> 1160956732,2023-06-30,,798354.0,FISV
CDAY,DAY,,,,,wikipedia_cik_continuity,revisions 1197645693 -> 1205523539,2024-02-29,,1725057.0,DAY
FI,FISV,,,,,wikipedia_cik_continuity,revisions 1319706093 -> 1324692884,2025-11-30,,798354.0,FISV
ESV,VAL,,,,,sec_company_tickers_cik,https://www.sec.gov/files/company_tickers.json,,,314808.0,VAL
WYN,TNL,,,,,sec_company_tickers_cik,https://www.sec.gov/files/company_tickers.json,,,1361658.0,TNL
ADS,BFH,,,,,sec_company_tickers_cik,https://www.sec.gov/files/company_tickers.json,,,1101215.0,BFH
GPS,GAP,,,,,sec_company_tickers_cik,https://www.sec.gov/files/company_tickers.json,,,39911.0,GAP
FBHS,FBIN,,,,,sec_company_tickers_cik,https://www.sec.gov/files/company_tickers.json,,,1519751.0,FBIN
CSC,DXC,,,,,components_list_continuity,fja05680/sp500 components list vs Wikipedia revisions: the same run of disagreement from 2012-01; unique,2015-11-30,,,DXC
BTU,BTUUQ,,,,,components_list_continuity,fja05680/sp500 components list vs Wikipedia revisions: the same run of disagreement from 2012-01; unique,2014-08-31,,,BTUUQ
HSH,SLE,,,,,components_list_continuity,fja05680/sp500 components list vs Wikipedia revisions: the same run of disagreement from 2012-01; unique,2012-05-31,,,SLE
PCS,TMUS,,,,,components_list_continuity,fja05680/sp500 components list vs Wikipedia revisions: the same run of disagreement from 2012-01; former names of CIK 1283699 match the revision's name 'MetroPCS Communications Inc.',2013-04-30,,,TMUS
KFT,MDLZ,,,,,components_list_continuity,fja05680/sp500 components list vs Wikipedia revisions: the same run of disagreement from 2012-01; former names of CIK 1103982 match the revision's name 'Kraft Foods Inc-A',2012-09-30,,,MDLZ
WYND,TNL,,,,,components_list_continuity,fja05680/sp500 components list vs Wikipedia revisions: the same run of disagreement from 2012-01; the one defunct candidate beside today's symbol TNL,2018-04-30,,,TNL
BHI,BKR,,,,,components_list_continuity,fja05680/sp500 components list vs Wikipedia revisions: the same run of disagreement from 2012-01; former names of CIK 1701605 match the revision's name 'Baker Hughes Inc',2017-06-30,,,BKR
JDSU,VIAV,,,,,components_list_continuity,fja05680/sp500 components list vs Wikipedia revisions: the same run of disagreement from 2012-01; former names of CIK 912093 match the revision's name 'JDS Uniphase Corp.',2013-11-30,,,VIAV
DPS,KDP,,,,,components_list_continuity,fja05680/sp500 components list vs Wikipedia revisions: the same run of disagreement from 2012-01; former names of CIK 1418135 match the revision's name 'Dr Pepper Snapple Group',2018-06-30,,,KDP
WPO,GHC,,,,,components_list_continuity,fja05680/sp500 components list vs Wikipedia revisions: the same run of disagreement from 2012-01; former names of CIK 104889 match the revision's name 'Washington Post Co B',2013-11-30,,,GHC
SAIC,LDOS,,,,,components_list_continuity,fja05680/sp500 components list vs Wikipedia revisions: the same run of disagreement from 2012-01; former names of CIK 1336920 match the revision's name 'SAIC',2013-10-31,,,LDOS
